{
	"credit": "Made with Blockbench",
	"parent": "slime_pet",
	"textures": {
		"0": "entity/slime",
		"particle": "entity/slime"
	},
	"elements": [
		{
			"from": [6, 8, 6],
			"to": [10, 10, 10],
			"rotation": {"angle": 0, "axis": "y", "origin": [15, 16, 15]},
			"faces": {
				"north": {"uv": [0, 4, 2, 6], "texture": "#0"},
				"east": {"uv": [0, 4, 2, 6], "texture": "#0"},
				"south": {"uv": [0, 4, 2, 6], "texture": "#0"},
				"west": {"uv": [0, 4, 2, 6], "texture": "#0"},
				"up": {"uv": [0, 4, 2, 8], "texture": "#0"},
				"down": {"uv": [0, 4, 2, 8], "texture": "#0"}
			}
		},
		{
			"from": [2, 0, 2],
			"to": [14, 4, 14],
			"rotation": {"angle": 0, "axis": "y", "origin": [15, 8, 15]},
			"faces": {
				"north": {"uv": [0, 4, 6, 8], "texture": "#0"},
				"east": {"uv": [0, 4, 6, 8], "texture": "#0"},
				"south": {"uv": [0, 4, 6, 8], "texture": "#0"},
				"west": {"uv": [0, 4, 6, 8], "texture": "#0"},
				"up": {"uv": [0, 4, 2.5, 8], "texture": "#0"},
				"down": {"uv": [0, 11, 1.5, 14], "texture": "#0"}
			}
		},
		{
			"from": [4, 4, 4],
			"to": [12, 8, 12],
			"rotation": {"angle": 0, "axis": "y", "origin": [15, 12, 15]},
			"faces": {
				"north": {"uv": [0, 4, 4, 8], "texture": "#0"},
				"east": {"uv": [0, 4, 4, 8], "texture": "#0"},
				"south": {"uv": [0, 4, 4, 8], "texture": "#0"},
				"west": {"uv": [0, 4, 4, 8], "texture": "#0"},
				"up": {"uv": [0, 4, 2, 8], "texture": "#0"},
				"down": {"uv": [0, 4, 2, 8], "texture": "#0"}
			}
		},
		{
			"from": [8.5, 4, 8],
			"to": [11.5, 7, 9],
			"rotation": {"angle": 0, "axis": "y", "origin": [17, 12, 16]},
			"faces": {
				"north": {"uv": [8.5, 2, 9.5, 3], "texture": "#0"},
				"east": {"uv": [8.5, 2, 9.5, 3], "texture": "#0"},
				"south": {"uv": [8.5, 2, 9.5, 3], "texture": "#0"},
				"west": {"uv": [8.5, 2, 9.5, 3], "texture": "#0"},
				"up": {"uv": [8.5, 2, 9.5, 3], "texture": "#0"},
				"down": {"uv": [8.5, 2, 9.5, 3], "texture": "#0"}
			}
		},
		{
			"from": [4.5, 4, 8],
			"to": [7.5, 7, 9],
			"rotation": {"angle": 0, "axis": "y", "origin": [13, 12, 16]},
			"faces": {
				"north": {"uv": [8.5, 2, 9.5, 3], "texture": "#0"},
				"east": {"uv": [8.5, 2, 9.5, 3], "texture": "#0"},
				"south": {"uv": [8.5, 2, 9.5, 3], "texture": "#0"},
				"west": {"uv": [8.5, 2, 9.5, 3], "texture": "#0"},
				"up": {"uv": [8.5, 2, 9.5, 3], "texture": "#0"},
				"down": {"uv": [8.5, 2, 9.5, 3], "texture": "#0"}
			}
		}
	],
	"display": {
		"head": {
			"translation": [0, -36.5, 0],
			"scale": [2, 2, 2]
		}
	},
	"groups": [
		{
			"name": "slime",
			"origin": [15, 12, 15],
			"children": [0, 1, 2]
		},
		{
			"name": "eyes",
			"origin": [13, 13, 15],
			"children": [3, 4]
		}
	]
}