{
  "__comment": "Made with TheDestruc7i0n's advancements generator: https://advancements.thedestruc7i0n.ca",
  "display": {
    "title": {
      "text": "Sticky Situation",
      "color": "white"
    },
    "description": {
      "text": "Craft the Slime Charm",
      "color": "green"
    },
    "icon": {
      "item": "minecraft:slime_spawn_egg",
      "nbt": "{Enchantments:[{}]}"
    },
    "frame": "task",
    "show_toast": true,
    "announce_to_chat": true,
    "hidden": false,
    "background": "minecraft:textures/gui/advancements/backgrounds/stone.png"
  },
  "criteria": {
    "crafted": {
      "trigger": "minecraft:recipe_unlocked",
      "conditions": {
        "recipe": "boss:slimecharm"
      }
    }
  },
  "requirements": [["crafted"]],
  "parent": "minecraft:story/deflect_arrow"
}
