{
  "__comment": "Made with TheDestruc7i0n's advancements generator: https://advancements.thedestruc7i0n.ca",
  "display": {
    "title": {
      "text": "All Hail",
      "color": "white"
    },
    "description": {
      "text": "Defeat Lord Bounce",
      "color": "green"
    },
    "icon": {
      "item": "minecraft:slime_ball",
      "nbt": "{Enchantments:[{}]}"
    },
    "frame": "goal",
    "show_toast": true,
    "announce_to_chat": true,
    "hidden": false,
    "background": "minecraft:textures/gui/advancements/backgrounds/stone.png"
  },
  "criteria": {
    "impossible": {
      "trigger": "minecraft:impossible"
    }
  },
  "requirements": [["impossible"]],
  "parent": "boss:crafted_summon"
}
