{
  "__comment": "Made with TheDestruc7i0n's advancements generator: https://advancements.thedestruc7i0n.ca",
  "display": {
    "title": {
      "text": "Infinity Gauntlet",
      "color": "white"
    },
    "description": {
      "text": "Drink the Enhance Potion three times and summon the baby slime to get max effects",
      "color": "dark_purple"
    },
    "icon": {
      "item": "minecraft:potion",
      "nbt": "{Enchantments:[{}],CustomPotionColor:16121964}"
    },
    "frame": "challenge",
    "show_toast": true,
    "announce_to_chat": true,
    "hidden": false,
    "background": "minecraft:textures/gui/advancements/backgrounds/stone.png"
  },
  "criteria": {
    "impossible": {
      "trigger": "minecraft:impossible"
    }
  },
  "requirements": [["impossible"]],
  "parent": "boss:slime_pet"
}
