{
	"providers": [
		{
			"type": "bitmap",
			"file": "minecraft:font/ghungerbar.png",
			"ascent": -16,
			"height": 9,
			"chars": [
				"\ueff1"
			]
		},
		{
			"type": "bitmap",
			"file": "minecraft:font/ghungerbar_half.png",
			"ascent": -16,
			"height": 9,
			"chars": [
				"\ueff2"
			]
		},
		{
			"type": "bitmap",
			"file": "minecraft:font/blank.png",
			"ascent": -9999,
			"height": -4,
			"chars": [
				"\uf000"
			]
		}
		,
		{
			"type": "bitmap",
			"file": "minecraft:font/blank.png",
			"ascent": -9999,
			"height": 9,
			"chars": [
				"\uf001"
			]
		}
	]
}